"","Date","engie","umicore","solvay","ing","cofinimmo","abinbev","colruyt","bekaert","elia","proximus","gbl","delhaize","galapagos","bpost","ucb","telenet","ageas","kbc","ontex","ackermans"
"1",2015-07-30,17.56,39.355,134.85,15.45,97.73,109.15,43.825,25.035,38.045,33.955,75.29,81.19,53.11,25.785,67,50.82,37.31,62.18,27.6,138.2
"2",2015-07-31,17.485,39.86,131,15.49,97.9,108.35,44.19,26.6,38.165,34.29,75.17,82.09,54.63,25.755,70.46,51.36,37.495,63.46,27.69,139.2
"3",2015-08-03,17.645,39.2,131,15.725,98.66,110.9,44.285,27.02,38.15,34.98,75.18,83.3,57.29,26.495,71.8,52.94,37.765,64.14,28.2,138.55
"4",2015-08-04,17.545,39.555,131.55,15.61,99.79,109.55,44.825,27.57,38.145,34.96,74.88,82.7,57.69,26.705,72.2,53.8,38.495,63.74,29.19,138.5
"5",2015-08-05,17.82,39.675,132.45,15.065,100.1,111.8,45.32,27.715,38.065,35.105,75.34,83.83,57.21,26.67,73.31,53.32,38.88,63.44,29.1,138.5
"6",2015-08-06,17.75,39.42,132.5,15.06,100.3,111.65,45.37,29.295,38.28,34.865,75.03,84.17,56.6,26.325,72.85,52.72,38.85,65.34,29.35,139.45
"7",2015-08-07,17.91,38.67,132.8,14.62,99.65,110.2,45.045,29.83,37.855,34.485,73.9,82.95,53.87,24,71.73,52.4,38.54,63.8,29.09,137.4
"8",2015-08-10,17.94,38.955,129.5,14.855,100.4,111.1,45.2,29.63,37.61,34.805,74.42,82.77,55.25,23.095,72.23,52.97,38.985,63.49,29.35,138.4
"9",2015-08-11,17.675,37.99,128.85,14.785,99.5,109.15,44.695,28.85,37.755,34.79,73.99,82.15,54.32,22.6,71.41,52.26,39.06,63.77,29.2,138
"10",2015-08-12,17.29,36.83,125,14.175,98.11,105.6,44.005,27.54,37.375,33.81,72.62,79.46,52.8,22.655,69.54,51.43,37.99,60.88,28.945,132.6
"11",2015-08-13,17.43,37.605,126.65,14.16,99.03,106.7,44.335,27.095,37.555,33.95,73.56,80.27,55.31,22.75,71.28,52.35,38.095,61.47,28.73,137
"12",2015-08-14,17.22,37.945,124.95,14.11,98.92,104.95,44.535,27.055,37.36,33.925,73.35,79.96,54.3,22.83,70.72,51.76,37.67,61.18,28.685,137.85
"13",2015-08-17,17.36,38.045,122.5,14.09,99.5,104.25,44.445,27.065,37.515,33.75,73.29,79.95,53.99,22.775,70.97,51.63,37.76,61.21,28.35,137.25
"14",2015-08-18,17.17,37.82,122.6,14.525,99.74,105.15,44.335,26.715,37.395,33.58,73.04,81.43,58.53,22.825,71.96,52.12,37.955,61.44,28.555,138.5
"15",2015-08-19,16.93,36.825,122.55,14.21,98.42,103.55,43.67,26.09,37.205,33.285,71.48,79.68,57.43,22.65,70.39,51.65,37.625,60.84,28.31,135.9
"16",2015-08-20,16.81,36.43,120.1,13.66,97.07,100.2,43.265,26.41,37.055,32.34,70.49,82.07,57.87,22.17,69.8,50.65,37.115,59,27.435,133.15
"17",2015-08-21,16.21,35.45,115,13.155,93.77,96.47,42.585,25.63,36.435,31.63,68.39,79.98,54.83,21.57,67.5,49.345,36.52,56.98,26.66,127.95
"18",2015-08-24,15.06,34.085,110,12.47,91.2,91.28,41.05,24.51,35.765,30.03,65.88,74.28,51.13,21.185,64.59,48.4,34.51,54.38,25.3,123
"19",2015-08-25,15.73,35.19,114.45,13.355,93.26,95.11,42.055,25.14,35.975,31.5,68.25,77.74,55.19,21.73,66.05,49.64,35.37,57.96,26.54,130.2
"20",2015-08-26,15.445,34.725,111.55,13.2,91.92,93.8,41.82,24.935,35.91,31.23,67.51,76.88,53.36,21.55,65.18,49.515,35.02,56.85,26.4,127.75
"21",2015-08-27,16.02,35.55,116.45,13.72,94.24,96.99,42.85,25.54,36.44,31.78,68.86,79.41,54.02,21.675,67.76,49.99,35.315,59.11,27.67,130.6
"22",2015-08-28,16.21,35.68,116,13.665,94.64,97.79,42.53,25.865,37.41,32.125,69.55,79.88,54.03,21.825,67.53,50.24,35.875,59.01,27.43,128.8
"23",2015-08-31,15.985,35.655,115,13.645,93.57,97.46,43.505,25.87,40.335,32.095,69.25,79.91,53.99,21.74,67.54,50.24,36.5,59.17,27.88,132.2
"24",2015-09-01,15.55,34.845,113.5,13.23,92.02,94.79,42.26,25.155,39.16,31.24,67.79,77.81,52.04,21.19,66.63,49.065,35.525,58.14,26.935,131.8
"25",2015-09-02,15.555,35.21,113.5,13.215,93.7,95.83,42.45,25.035,38.6,31.36,67.93,78.06,50.58,21.385,69.44,49.105,35.555,58.31,27,133.15
"26",2015-09-03,15.485,36.025,115,13.585,94.39,97.23,42.85,25.61,38.715,31.985,69.05,79.76,53.25,21.79,71.2,50.14,35.935,58.42,27.44,134
"27",2015-09-04,15.035,35.85,113,13.1,93.38,95.39,42.33,24.855,38.97,31.365,67.28,78.44,51.42,21.58,71.08,49.645,35.375,57.22,27.005,132.55
"28",2015-09-07,15.22,36.05,113,13.275,93.31,95.71,42.53,24.74,40.07,31.74,67.48,78.62,50.85,21.625,70.38,50.41,35.5,57.48,26.85,132.45
"29",2015-09-08,15.42,36.645,113.9,13.41,93.92,95.61,42.915,24.985,39.955,31.815,68.03,79.73,52.87,21.78,71.43,50.91,36.315,58.19,27.02,133.4
"30",2015-09-09,15.72,37.17,113.65,13.62,94.56,97.87,43.24,25.65,40.775,32.445,68.81,81.13,52.65,21.65,71.33,52.22,36.69,59.15,26.93,134.5
"31",2015-09-10,15.28,36.8,110,13.46,93.98,95.6,42.495,25.435,40.44,32.28,67.99,80.72,52.64,21.69,72.87,52.03,36.565,59.15,27.23,134.5
"32",2015-09-11,15.27,36.35,109,13.25,93.15,94.47,41.725,25.425,40.65,31.79,67.59,79.98,52.16,21.27,72.35,51.4,36.295,58.93,26.915,133.45
"33",2015-09-14,15.13,36.69,108.95,13.085,92.55,94.19,41.33,24.98,39.515,31.655,67.1,79.81,50.74,21.125,71.73,51.05,36.215,58.23,26.7,132.5
"34",2015-09-15,15.05,36.49,108.5,13.295,92.44,94.45,41.105,24.745,40.55,31.415,67.5,79.05,51.48,21.15,71.71,51.26,36.73,59.26,27.09,133.65
"35",2015-09-16,15.35,37.205,109.95,13.25,92.55,100.5,42.005,25.12,42.325,31.71,68.41,81.23,51.72,21.44,71.99,52.08,37.13,58.93,27.215,134.35
"36",2015-09-17,15.465,36.92,110.4,13.32,92.65,100.65,41.75,25.095,42.075,31.71,68.45,79.32,50.98,21.355,71.72,52,37.06,58.55,27.405,134.95
"37",2015-09-18,14.97,36.13,107.5,12.76,92.7,98.3,42.18,24.77,42.17,31.92,67.47,79.05,53.41,20.84,71.66,53.06,36.755,57.35,27.265,131.2
"38",2015-09-21,15.085,36.78,107.5,12.985,93.72,98.61,42.465,24.42,42.39,32.125,67.8,80.7,58.32,21.65,73.19,52.91,36.835,57.69,27.29,132.95
"39",2015-09-22,14.61,34.925,103.55,12.58,92.77,95.8,41.665,23.67,42.56,31.16,65.97,77.22,58,21.275,70.26,52.6,36.115,56.19,26.9,129.7
"40",2015-09-23,14.535,34.385,107.05,12.53,93.92,96.91,41.39,23.615,42.2,31.2,66.49,77.13,56.65,21.445,71.14,52.49,36.43,55.8,26.44,130.8
"41",2015-09-24,14.275,33.64,103,12.38,93.17,94.5,40.855,23.385,42.46,30.565,65.52,74.84,55.07,20.945,71.01,51.77,36.7,55.25,26.475,129.4
"42",2015-09-25,14.58,34.725,104.9,12.865,94.79,97.22,41.635,23.38,42.74,31.4,66.39,76.77,44.75,21.25,73.52,52.39,37.23,57,26.79,134
"43",2015-09-28,14.15,33.3,105,12.425,93.58,96.24,41.275,22.87,42.67,30.93,65.8,75.93,41.52,21,71.17,51.86,36.81,56.31,26.405,133.2
"44",2015-09-29,14.17,33.755,106.5,12.42,93.43,93.55,41.635,22.87,42.585,30.575,66.23,77.61,35.155,20.875,69.36,50.93,36.445,55.38,26.65,130.1
"45",2015-09-30,14.44,34.445,105,12.65,94.35,94.92,43.03,23.525,43.5,30.86,67.41,79.1,36.545,21.23,69.85,51.27,36.705,56.37,27.45,131
"46",2015-10-01,13.95,34.515,113.4,12.71,93.44,94.29,42.595,23.6,42.935,30.19,67.5,78.95,36.9,21.06,70.2,50.98,36.815,56.39,27.11,131.5
"47",2015-10-02,14.03,34.58,111,12.675,93.33,95.72,42.1,23.69,43.405,30.005,68.09,79.86,36.57,21.105,70.57,51.08,37.065,56.26,26.46,130.65
"48",2015-10-05,14.5,35.66,113,13.165,96.42,98.38,44.1,24.625,43.88,31.08,70.12,82.6,39.16,21.7,72.31,51.5,38.075,57.33,27.535,131.95
"49",2015-10-06,14.715,35.81,113,13.185,96.61,98.06,44.48,25.155,43.56,30.405,70.26,83.3,41.635,21.495,71.66,51,38.13,58.11,27.38,132.95
"50",2015-10-07,14.945,37.185,114,13.105,95.85,98.65,44.215,25.56,43.91,30.05,70.73,83.1,40.395,21.4,68.2,50.49,38.195,57.74,26.805,131.35
"51",2015-10-08,15.055,37.515,115,12.86,96.14,97.5,44.315,25.225,44,30.005,70.6,83.33,38.43,21.67,68.14,50.6,38.64,56.38,27.4,130.5
"52",2015-10-09,15.175,38.32,114,12.725,96.86,98.3,44.16,25.415,43.295,29.605,71.34,82.53,38.85,21.65,68.48,50.05,38.76,55.37,27.2,131.45
"53",2015-10-12,15.245,37.78,119.5,12.53,96.75,98.35,43.94,25.365,43.68,29.695,71.14,81.09,38.68,21.565,67.91,49.715,38.51,54.39,27.325,132.65
"54",2015-10-13,14.685,37.13,118.45,12.53,96.5,100,43.585,25.03,43.44,29.36,70.57,81,40.615,21.425,68.08,49.495,38.055,54.6,26.885,132.6
"55",2015-10-14,15.03,37.05,116.55,12.52,96.28,100.65,43.14,25.05,43.31,28.885,70.34,78.19,39.895,21.475,67.41,49.8,37.915,54.46,26.505,131.05
"56",2015-10-15,14.94,37.545,116.5,12.765,96.9,101.15,43.555,25.495,43.535,29.265,71.14,79.55,41.8,21.775,68.31,50.09,38.165,54.45,27.65,133.45
"57",2015-10-16,15.145,37.175,113.55,12.97,97.11,101.4,43.93,25.375,44,30.125,71.86,79.4,42.75,21.53,69.45,50.17,38.42,55.46,27.875,134.6
"58",2015-10-19,15.11,37.125,111.5,12.995,98.37,102.45,44,25.135,44.22,30.325,71.67,79.52,45.4,21.96,69.55,50.61,38.63,55.7,28.16,135.5
"59",2015-10-20,15.26,36.885,111,12.865,98.59,102.4,43.91,25.165,44.64,30.45,71.23,79.5,45.08,22.01,68.45,50.85,38.85,55.28,28.405,136.35
"60",2015-10-21,15.465,37.02,110.75,12.9,98.7,101.25,44.07,25.55,44.78,30.485,71.37,79.48,43.87,22.015,67.67,50.31,38.865,54.78,28.85,135.9
"61",2015-10-22,15.81,38.375,112,13.025,99.4,104.5,44.185,25.995,44.31,31.3,72.5,79.46,43.5,22.1,67.99,50.57,39.24,53.22,28.5,134.25
"62",2015-10-23,16.24,39.005,111.6,13.365,100,107.15,44.73,26.36,44.165,32,74.06,81.12,43.8,22.65,69.83,51.79,39.67,52.63,28.5,137.75
"63",2015-10-26,16.1,38.71,111.55,13.465,100,106.55,44.715,26.4,44.145,32.2,73.81,81.5,43.365,22.285,70.88,51.81,39.945,53.53,28.47,137.65
"64",2015-10-27,15.815,37.655,111.6,13.32,100.25,106.15,44.39,26.01,43.875,31.83,73.18,81.89,43.42,22.2,71.52,50.91,39.785,54.86,28.23,136.65
"65",2015-10-28,16.09,38.21,115.95,13.415,101.15,107.6,44.8,26.54,44.075,31.9,74.07,82.86,43.405,22.475,75.81,51.12,40.13,55.99,28.26,138.55
"66",2015-10-29,15.87,38.815,115.85,13.29,100.85,107.45,45.455,26.525,43.735,32.255,74.29,84.62,44.15,22.63,76.69,52.97,40.15,55.11,28.04,139.2
"67",2015-10-30,15.955,38.65,115,13.235,101.5,108.7,45.035,27,44.01,31.515,73.91,84.41,44,22.77,78.72,52.92,40.185,55.4,27.975,138.5
"68",2015-11-02,16.225,38.71,118,13.365,101.1,108.65,44.97,27.35,44.055,31.395,74.57,84.45,44.035,22.825,80.22,52.75,40.38,55.9,27.575,139.55
"69",2015-11-03,16.15,39.42,117,13.145,99.75,108.55,45.135,27.39,43.65,31.125,74.63,84.56,44.075,22.605,80.11,51.56,40.29,54.77,27.855,139.3
"70",2015-11-04,16.15,39.885,117,13.41,100.05,109.5,45.32,27.37,43.885,31.31,74.64,85.81,45,22.65,80.08,51.36,39.385,54.39,27.45,137.8
"71",2015-11-05,16.235,39.765,116.45,13.225,99.91,110.2,44.945,26.685,43.84,30.92,75.01,86.71,46.5,21.985,80.66,50.44,39.225,53.33,29.75,139.5
"72",2015-11-06,16.195,40.11,119.95,13.74,98.73,111.85,45.12,26.885,43.52,30.89,75.16,88.12,46.09,23.89,80.77,50.5,39.64,56.07,31.965,141.4
"73",2015-11-09,15.905,39.77,121.95,13.56,97.33,110.95,44.33,26.84,43.385,30.305,74.78,88.29,45.68,23.45,80.77,49.995,39.63,55.53,32.095,141.9
"74",2015-11-10,15.875,38.69,118.45,13.64,96.54,111.2,44.33,26.94,43.785,30.77,74.71,87.2,47.39,23.3,80.14,50.71,39.675,55.84,32.42,143.55
"75",2015-11-11,15.875,38.9,116,13.7,97.09,113.6,44.67,26.945,43.79,31.12,75.33,90.32,49.9,23.455,81.27,51.3,40.105,56,32.575,144.4
"76",2015-11-12,16.115,38.23,112.5,13.455,96.3,112.4,44.55,26.695,43.54,30.525,74.26,88.65,47.75,22.975,79.41,51.26,39.715,55.05,32.215,141.65
"77",2015-11-13,16.05,38.01,112,13.265,97.13,112.25,44.165,25.44,43.51,30.965,74.38,87.65,46.15,22.875,80.26,51.33,39.69,54.72,32.12,140.65
"78",2015-11-16,16.065,37.955,112,13.165,97.82,114,44.66,25.335,43.55,31.23,74.76,88.94,49,22.995,80.48,51.3,39.845,56.38,32.17,141.25
"79",2015-11-17,16.47,38.935,113,13.44,98.96,117.85,45.995,25.67,43.815,32.055,76.69,92.15,49.75,23.485,81.11,52.3,40.4,54.85,32.95,143.1
"80",2015-11-18,16.445,38.895,117.1,13.3,99.09,117.75,45.295,25.675,43.37,31.68,76.54,91.17,48.43,23.525,80.58,51.87,40.355,54.49,32.985,142.15
"81",2015-11-19,16.58,39.385,115,13.29,100.3,116.35,45.45,26.515,43.41,31.875,77.59,91.76,47.2,23.565,81.08,51.89,40.59,54.91,32.95,142.9
"82",2015-11-20,16.62,39.285,113,13.12,100.1,118.1,45.98,26.515,44.425,31.72,77.67,92.22,46.465,23.615,80.93,51.74,40.56,54.23,32.855,139.5
"83",2015-11-23,16.405,39.135,112,13.045,99.18,119.05,45.99,26.17,43.49,31.51,77.75,91.55,46.4,23.275,81.79,51.29,40.84,53.61,32.9,140.05
"84",2015-11-24,16.195,38.435,112,13,98.31,120,46.055,26.115,43.235,31.285,77.16,91.13,44.82,22.985,80.35,50.22,40.99,54.22,32.2,131.75
"85",2015-11-25,16.175,38.71,115,12.985,99.49,121.7,46.405,26.325,43.03,31.26,77.27,94.19,45.7,23.115,81.35,50.88,41.155,54.08,33.875,131.15
"86",2015-11-26,16.415,39.205,114.05,13.02,99.35,123.25,46.73,26.68,43.21,31.535,77.77,95.42,46.32,23.22,82.73,51.22,41.34,55.09,34.08,130.3
"87",2015-11-27,16.29,38.8,115,13.175,99.7,122.65,46.94,26.73,42.765,31.655,77.51,94.7,46.6,23.175,83.11,51.22,41.315,56.5,34.35,131.05
"88",2015-11-30,16.49,39.145,120.25,12.995,98.85,121.95,46.9,26.815,42.43,31.265,77.77,94.83,47.21,23,84.52,51.69,41.405,56.5,33.665,131.45
"89",2015-12-01,16.55,38.74,116.1,12.95,99.75,120.85,46.6,26.665,42.91,31.05,77.91,92.68,46.33,23.25,84.23,51.18,41.775,56.52,33.03,130.85
"90",2015-12-02,16.445,38.695,116.9,12.85,99.12,121.45,46.565,26.55,42.83,30.43,78.26,92.89,46.76,23.28,84.94,50.41,41.595,56.06,33.555,131.85
"91",2015-12-03,15.95,38.3,103.28571,12.58,97.33,117.1,46.29,26.325,42.555,29.855,77.1,88.87,45.67,22.935,83.09,49.535,40.865,56.3,33,128.6
"92",2015-12-04,15.97,38.54,102.5,12.61,96.95,116.4,46.535,26.03,42.665,29.5,76.55,89.23,44.775,23.28,82.7,48.825,41.085,56.87,32.93,129.95
"93",2015-12-07,15.96,37.89,98.5,12.615,97.47,118.9,46.925,26.46,42.605,29.815,76.85,90.69,44.78,23.75,84.06,49.06,41.18,56.58,33.095,130.35
"94",2015-12-08,15.725,36.97,100,12.275,96.76,117.25,46.33,26.04,42.215,29.35,75.46,90.04,50.77,22.7,83.88,48.44,41.115,55.41,33.3,129.25
"95",2015-12-09,15.76,37.2,104.55,12.33,96.37,116.35,46.05,26.185,42.885,28.8,75.45,89.04,52.25,22.55,81.64,47.87,40.98,54.71,32.11,126.45
"96",2015-12-10,16.025,36.94,101,12.205,96.39,116.05,46.045,26.87,42.27,28.555,74.91,89.35,53.39,22.455,81.15,47.645,40.75,54.05,31.8,127.35
"97",2015-12-11,15.835,36.1,101.5,12.08,95.89,112.4,45.605,26.31,42.265,28.345,73.84,87.9,53.2,22.3,80.75,46.95,40.165,54.47,30.97,126.25
"98",2015-12-14,15.51,35.9,94,11.92,95.08,110.4,45.245,26.085,41.92,27.935,72.94,86.45,51.62,22.11,79.94,46.04,39.79,53.69,31.245,126.5
"99",2015-12-15,15.89,37.09,97.75,12.36,96.72,112.4,48,26.305,42.27,28.065,74.45,89.79,52.33,22.12,81.62,46.885,41.41,55.7,31.78,129.35
"100",2015-12-16,16.02,37.57,99.9,12.26,96.37,113.1,48.08,27.21,42.3,28.97,75.68,90.11,52.6,22.29,81.86,47.775,42.325,56,32.42,131.1
"101",2015-12-17,16.28,37.755,107.95,12.49,97.47,116.1,48,27.47,42.75,30,76.25,91.15,51.79,22.2,82.27,48.42,42.84,57.56,32.5,133.3
"102",2015-12-18,15.99,37.89,98.99,12.38,97.48,114.75,47.69,27.48,42.855,29.65,76.21,89.51,52.32,21.915,81.08,47.765,42.68,57.6,32.68,132.95
"103",2015-12-21,15.96,37.65,97,12.145,96.71,113,47.615,27.135,42.275,29.03,75.6,88.58,53.4,22.04,79.71,47.425,42.655,56.78,32.44,130.8
"104",2015-12-22,15.925,37.74,96.74,12.245,96.7,112.5,47.78,27.68,42.275,28.8,76.06,88.73,54.29,21.96,80.13,47.45,42.875,56.64,32.215,130.65
"105",2015-12-23,16.505,38.74,99.8,12.55,97.79,114.95,48.125,28.065,42.92,29.47,77.53,90.83,55.85,22.485,81.23,48.99,42.765,57.41,32.865,132
"106",2015-12-24,16.475,39.05,99,12.55,97.44,114.95,48.135,28.155,42.92,29.405,77.5,90.66,55.61,22.46,81.57,48.99,42.755,57.65,32.61,132.95
"107",2015-12-28,16.3,38.78,99.58,12.52,97.68,114.6,48.115,28.005,43.255,29.58,77.25,90.39,56.06,22.74,83.16,48.975,42.555,57.28,32.725,132.35
"108",2015-12-29,16.535,39.275,99.8,12.675,98.25,116.7,48.705,28.325,43.435,30.13,78.8,91.95,57.6,22.92,85.55,49.355,43.22,58.58,33.115,135.3
"109",2015-12-30,16.43,39.26,99.9,12.615,98.96,115.8,48.46,28.54,43.4,29.89,79.03,91.54,57.7,22.77,84.6,49.18,43.105,58.14,33.37,134.95
"110",2015-12-31,16.325,38.665,98.15,12.45,98.41,114.4,47.445,28.385,42.83,30,78.83,89.79,56.76,22.59,83.23,49.77,42.8,57.67,32.76,135.3
"111",2016-01-04,15.72,37.625,96,12.2,97.92,112.45,47.66,29.51,42.625,29.37,77.05,89.98,55.65,22.41,81.88,48.92,42.415,57.22,32.025,131.95
"112",2016-01-05,15.75,37.265,96.8,12.215,98.84,114,47.45,31.08,42.445,29.425,76.16,90.19,56.54,22.445,83.44,49.195,42.2,57.39,31.935,131.85
"113",2016-01-06,15.645,36.7,93.94,12.015,99.72,112.5,46.915,29.56,42.47,29.38,75.28,89.62,55.02,22.32,82.19,48.625,41.655,56.95,32.08,131
"114",2016-01-07,15.44,35.67,92.17,11.775,95.09,110.6,46.505,29.21,42.07,30.24,73.71,88.79,52.55,22.08,81.01,48.755,40.26,55.54,31.91,128.45
"115",2016-01-08,15.05,35.62,88.9,11.525,95.45,107.55,46.47,28.185,41.975,30.13,72.12,88.8,53,22.2,80,48.21,40.005,54.06,31.06,126.15
"116",2016-01-11,15.055,35.795,87.39,11.49,95.05,109.7,46.7,28.21,41.935,29.895,71.86,89.32,50.76,21.9,79.08,47.76,40.215,54.02,30.755,126.4
"117",2016-01-12,15.12,36.365,89.79,11.58,95.9,108.9,46.94,28.3,41.86,30.085,72.16,89.72,50.4,21.975,79.58,48.29,40.47,54.51,31.31,129
"118",2016-01-13,15.27,36.51,87.98,11.605,96.08,109.35,47.185,28.205,41.56,30.26,72.37,90.94,50.44,21.915,80.24,48.01,40.66,54.34,32.2,127.35
"119",2016-01-14,14.91,35.415,87.8,11.36,95.2,106.25,46.55,27.96,40.88,29.535,70.49,88.53,47.965,21.355,78.79,47.635,39.61,53.61,32.08,123.55
"120",2016-01-15,14.295,33.91,82.5,11.01,95.2,106.5,46.36,27.245,40.91,29.27,69.3,87.25,47.06,21.01,76.66,47.15,39.24,51.83,31.82,121.95
"121",2016-01-18,13.955,33.825,82.54,10.795,93.98,107.45,45.875,27.08,42.225,28.785,68.47,85.85,46.535,20.89,76.06,46.52,38.395,50.88,30.955,119.9
"122",2016-01-19,14.265,34.02,81.31,10.85,94,109.85,46.275,27.43,42.66,29.165,69.24,86.77,48.26,21.14,78.43,46.83,39.09,51.14,30.99,120.75
"123",2016-01-20,13.765,33.32,77,10.445,92.32,105.3,45.445,26.73,42.25,28.285,67.37,84.8,47.355,20.515,77.22,45.18,37.51,50,30.585,117.9
"124",2016-01-21,13.995,33.64,81.35,10.525,92.49,107.5,45.805,27.13,42.14,29.015,68.17,89.49,48.55,20.51,78.41,45.44,37.805,52.1,31.605,116.7
"125",2016-01-22,14.42,34.72,82,10.895,96.29,111.45,46.835,28.07,43.575,30.28,70.02,92.01,50.24,21.545,80.75,46.525,38.695,53.03,32.765,118.85
"126",2016-01-25,14.175,34.71,83,10.645,96.53,112.55,46.47,28.075,43.515,30.53,69.69,91.81,48.59,21.52,81.48,46.735,38.715,51.5,33.905,119.3
"127",2016-01-26,14.38,35.04,82,10.67,98.38,112.95,47.14,28.685,43.165,30.45,69.48,92.26,47.7,21.59,85.06,47.1,38.135,52.74,33.715,119.5
"128",2016-01-27,14.6,33.795,81.25,10.645,96.54,114,47.03,28.6,43.78,30.88,69.4,93.27,48.54,21.76,84.23,47.02,37.7,51.24,33.41,120.2
"129",2016-01-28,14.555,33.34,80.5,10.27,96.86,112,47.455,28.77,44.005,30.835,68.59,93.88,48,21.4,79.85,46.375,36.5,50.01,33.275,117.7
"130",2016-01-29,14.695,33.795,81.45,10.595,100.3,115.85,49.19,29.64,44.5,31.75,69.87,96.44,46,21.85,78.62,47.93,37.345,52.79,34.095,119.45
"131",2016-02-01,14.685,33.15,80.05,10.5,100.15,116.15,49.69,29.58,45.45,31.655,69.18,96.88,46.495,22.085,80.45,47.745,37.465,52.21,34.16,120.5
"132",2016-02-02,14.32,32.375,77.5,9.972,99.54,115.75,49.975,29.055,44.91,31.26,68.94,95.4,45.205,21.625,79.87,47.385,36.635,50.9,33.86,120
"133",2016-02-03,14.075,32.51,77,9.671,99.67,112.3,50.15,28.605,44.28,31.365,68.3,94.18,41.97,21.72,77.34,46.565,35.87,48.905,33.72,117.95
"134",2016-02-04,14.155,33.265,79.75,10.53,98.43,109.9,49.18,28.56,44.14,30.945,68.25,89.52,41.91,21.7,75.26,46.13,35.4,49.83,33.24,117.35
"135",2016-02-05,14.035,34.42,80.9,10.51,97.07,107.3,48.94,28.97,44.115,30.805,66.77,88.59,40.23,21.77,72.75,44.975,34.445,48.95,32.81,116.35
"136",2016-02-08,13.905,33.455,79,9.887,93.71,102.95,48.21,27.47,42.645,29.975,65.35,86.72,35.6,20.85,69.38,42.96,33.34,46.49,30.655,110
"137",2016-02-09,13.875,34.08,78.99,9.412,92.16,103.2,48.18,27.145,41.665,29.65,64.5,86.68,33.99,20.72,70.11,42.52,32.855,45.205,30.59,109.3
"138",2016-02-10,13.96,34.9,78.49,9.829,93.53,104,48.155,27.235,41.76,29.455,65.79,87.22,34.745,21.135,71.51,43.14,33.615,47.265,31.675,112.65
"139",2016-02-11,13.145,35.81,78.2,9.302,92.12,100.6,47.045,27.285,41.935,28.765,64.1,86.35,32.66,20.51,71.45,42.94,32.12,45.045,31,109.65
"140",2016-02-12,13.35,36.625,79,9.773,93.46,102.3,47.375,27.665,43.15,29.415,65.95,88.45,34.34,20.64,73.49,44.06,32.79,46.535,31.79,111.35
"141",2016-02-15,13.76,37.91,80.99,10.33,95.87,105,48.405,28.71,43.63,30.45,67.71,90.75,37.87,21.135,74.92,45.95,33.66,48.45,33.45,115.3
"142",2016-02-16,13.91,37.69,79.5,10.205,96.47,104.4,48.585,28.9,43.875,30.245,67.92,90.91,36.45,21.46,74.85,46.62,33.49,48.35,33.46,115.45
"143",2016-02-17,14.1,39.405,83.39,10.55,97.01,105.95,49.22,29.69,44.16,30.655,69.06,92.09,39.4,22,76.2,47.66,35,49.7,34.1,119.15
"144",2016-02-18,14.05,38.735,85,10.435,97.98,105.5,49.04,29.76,44.875,30.9,69.1,91.94,40.83,22.385,77.3,47.315,34.34,45.715,35.16,119.45
"145",2016-02-19,14.02,38.595,85.4,10.32,99.09,104.8,49.22,29.69,44.235,30.53,68.2,91.41,39.775,22.025,76.85,47.61,33.915,46.13,35.055,118.55
"146",2016-02-22,14.49,41.36,85,10.64,100.2,106.3,49.525,30.26,44.67,31.1,69.45,92.11,40.185,22.55,74.01,47.96,34.45,47.23,33.49,119.6
"147",2016-02-23,13.865,41.545,84.75,10.39,99.31,105.95,48.96,30.15,44.715,30.605,68.81,92.2,37.67,22.385,73.78,47.805,34.15,46.565,33.34,118.9
"148",2016-02-24,13.485,40.005,83.2,10.115,99.25,103.75,48.775,29.855,44.57,30.06,67.63,90.54,36.595,22.095,71.21,47.16,33.57,46,32.88,119
"149",2016-02-25,14.07,40.85,86.99,10.415,100.1,102,49.1,30.48,44.945,30.98,68.99,92.32,37.545,22.525,71.36,47.99,33.7,47.44,33.22,121.8
"150",2016-02-26,14.305,41.21,91,10.805,101.2,102.1,49.395,31.995,44.41,29.85,69.85,92.9,38.495,22.56,71.03,48.045,34.295,48.595,32.88,123.25
"151",2016-02-29,14.285,41.715,94.99,10.895,101,103.6,49.46,32.94,44.25,29.075,70.42,93.46,38.655,22.875,68.46,48.395,34.005,48.9,32.435,121.5
"152",2016-03-01,14.295,41.81,94.2,11.185,102,104.6,50.75,32.675,44.85,29.895,71.73,97.17,40,23.285,69.26,49.145,34.655,50.2,32.86,121.3
"153",2016-03-02,14.2,41.15,93.89,11.495,101.85,104.3,49.815,32.64,43.985,29.875,71.9,96.21,39.85,23.26,69.99,46.695,35.24,51.56,32.4,120.95
"154",2016-03-03,14.185,41.155,94,11.395,102,103.55,49,32.665,43.875,29.82,71.91,95.88,40.07,23.255,71.22,46.28,35.005,50.9,32.5,118.9
"155",2016-03-04,14.21,42.03,94.34,11.45,102.6,105.95,48.85,34.065,43.93,29.655,71.84,94.12,40.5,23.465,69.5,45.93,35.09,50.75,32.43,119.25
"156",2016-03-07,14.01,42.485,94,11.225,102.45,105.6,48.76,36.35,43.79,29.53,71.71,92.88,40.37,23.375,69.3,45.225,35.505,48.82,31.59,119.45
"157",2016-03-08,13.78,41.985,92.5,11.17,102.3,104.3,49.085,35.75,43.535,29.515,71.51,92.49,39.8,23.21,69.15,44.795,35.395,48.24,27.99,117.85
"158",2016-03-09,13.59,42.38,92.39,11.165,102.7,105.6,49.365,35.81,43.43,29.505,71.7,93.42,40.035,23.27,70.16,45.25,35.59,48.59,28.23,118.2
"159",2016-03-10,13.585,41.505,92.4,11.17,103,103.85,49.42,34.71,43.52,29.635,70.92,92.01,39.925,23.27,69.25,45.255,35.355,48.485,27.84,117.4
"160",2016-03-11,14.03,43.055,92.79,11.81,105,105.4,49.835,35.295,44.08,30.34,72.58,93.81,40.24,23.695,67.75,47.145,36.44,50.02,28.65,119.1
"161",2016-03-14,14.12,43.21,93.7,11.77,106.85,105.85,50.19,35.395,44.23,30.65,73.02,94.49,40.475,23.885,69.11,47.86,36.615,49.525,28.66,120.05
"162",2016-03-15,13.8,42.82,93.7,11.6,106.9,105.05,50.33,35,44.02,30.82,72.97,93.7,38.95,23.85,68.9,47.48,36.17,48.77,28.095,122.35
"163",2016-03-16,13.745,42.885,93.9,11.42,106.9,104.25,51.32,35.1,44.06,31.03,73.27,95.74,38.6,24.405,69.76,47.275,36.135,47.88,28,129
"164",2016-03-17,13.835,42.9,93.89,11.195,107.35,104.25,50.92,35.365,43.98,30.685,73.19,94.47,37.07,24.39,69.42,46.8,35.7,46.22,28.21,119
"165",2016-03-18,13.94,42.61,93.89,11.295,107.5,107.15,50.86,35.405,43.995,30.16,73.71,93.14,36.875,24.91,69.23,46.995,35.605,46.76,28.205,120.45
"166",2016-03-21,13.74,43.205,93.75,11.31,107.1,107.55,50.79,35.195,44.05,30.305,72.95,92.4,37.16,24.625,69.96,46.825,35.655,46.72,28.515,123.5
"167",2016-03-22,13.7,43.385,93.79,11.24,106.45,108.7,50.86,35.395,43.6,30.19,73.19,92.78,37.955,24.43,70.42,46.665,35.755,46.7,28.315,125.05
"168",2016-03-23,13.73,43.3,93.85,11.075,106.55,109.45,51.26,35.53,43.58,29.975,72.27,94.04,38.235,24.53,71.85,45.925,35.515,46.8,28.65,125.05
"169",2016-03-24,13.43,42.295,93.2,10.88,105.9,108.1,50.8,35,43.91,29.69,71.02,93.3,37.315,24.425,68.78,45.25,34.75,45.94,28.49,123.95
"170",2016-03-29,13.5,42.75,93.5,10.86,107.55,109.85,50.7,34.785,43.965,29.985,72.05,91.89,37,24.325,68.67,45.295,34.98,46.035,28.995,123
"171",2016-03-30,13.835,44.365,93.45,10.865,107.85,111.3,51.27,35.955,43.895,30.47,73.02,92.73,37.275,24.51,67.75,45.255,35.265,46.31,28.99,124.4
"172",2016-03-31,13.64,43.75,93.45,10.63,107.85,109.25,51.2,35.705,43.715,30.035,72.51,91.75,36.99,24.415,67.24,44.485,34.87,45.335,28.815,124.65
"173",2016-04-01,13.425,42.35,93.3,10.41,107.3,109.15,51.3,36.055,43.79,29.89,72.29,91.56,36.64,24.45,67.81,44.775,34.655,45.965,28.835,124.8
"174",2016-04-04,13.485,42.055,93,10.46,107.6,110.75,51.33,35.7,44.115,29.945,72.28,92.32,37.79,24.59,68.55,44.985,34.95,46.315,28.99,124.2
"175",2016-04-05,13.08,41.92,91.9,10.13,107.45,109,51.4,35.095,44.475,29.605,71.33,93.06,37.25,24.265,68.19,44.175,34.37,45.615,29.16,117.8
"176",2016-04-06,13.12,41.97,91,10.215,108.55,108.3,51.74,35.475,45.045,29.9,72.29,93.47,38.98,24.285,70.56,44.685,34.545,46.285,29.675,118.6
"177",2016-04-07,13.095,41.515,90.5,9.99,108.6,107.1,51.72,33.885,45.295,29.77,71.78,93.52,38.77,24.405,71.52,44.845,34.005,45.495,29.825,116.55
"178",2016-04-08,13.33,43.44,94.3,10.16,109.55,106.85,51.7,34.415,45.165,30.08,72.5,93.26,39.16,24.695,71.4,44.8,34.435,46.405,29.95,116.2
"179",2016-04-11,13.48,44.205,91,10.37,110,106.05,51.66,35.16,44.97,30.15,72.84,93.25,38.77,24.425,71.03,44.84,34.38,47.14,28.91,115.65
"180",2016-04-12,13.43,44.715,92.95,10.365,109.15,106.2,51.71,36,45.43,30.41,73.59,93.43,38.33,24.415,70.3,44.76,35,46.7,28.17,116.5
"181",2016-04-13,13.805,44.98,94.3,10.905,109.7,108.5,51.61,37.085,46.25,30.285,75.76,93.26,38.46,24.265,69.66,45.36,35.865,48.445,28.195,117.2
"182",2016-04-14,13.845,45.745,94.3,11.045,108.75,110.15,51.33,37.565,46.255,30.56,76.74,92.96,38.95,24.385,70.25,45.55,35.625,48.64,28.19,117.6
